Individual,Sex,Forward_reads,Reverse_reads,Family,Sire,Dam,Treatment.control,Quality.encoding
040000M,M,040000M_1.fq,040000M_2.fq,Fam04,0,0,Sire,Illumina1.5
040711T,F,040711T_1.fq,040711T_2.fq,Fam04,4,7,Treatment,Illumina1.5
040712C,F,040712C_1.fq,040712C_2.fq,Fam04,4,7,Control,Illumina1.5
040713T,F,040713T_1.fq,040713T_2.fq,Fam04,4,7,Treatment,Illumina1.5
040714C,F,040714C_1.fq,040714C_2.fq,Fam04,4,7,Control,Illumina1.5
040715T,F,040715T_1.fq,040715T_2.fq,Fam04,4,7,Treatment,Illumina1.5
040716C,M,040716C_1.fq,040716C_2.fq,Fam04,4,7,Control,Illumina1.5
040721T,M,040721T_1.fq,040721T_2.fq,Fam04,4,7,Treatment,Illumina1.5
040723T,M,040723T_1.fq,040723T_2.fq,Fam04,4,7,Treatment,Illumina1.5
040724C,M,040724C_1.fq,040724C_2.fq,Fam04,4,7,Control,Illumina1.5
040812C,M,040812C_1.fq,040812C_2.fq,Fam04,4,8,Control,Illumina1.5
040813T,M,040813T_1.fq,040813T_2.fq,Fam04,4,8,Treatment,Illumina1.5
040814C,M,040814C_1.fq,040814C_2.fq,Fam04,4,8,Control,Illumina1.5
040815T,F,040815T_1.fq,040815T_2.fq,Fam04,4,8,Treatment,Illumina1.5
040816C,M,040816C_1.fq,040816C_2.fq,Fam04,4,8,Control,Illumina1.5
040821T,M,040821T_1.fq,040821T_2.fq,Fam04,4,8,Treatment,Illumina1.5
040822C,M,040822C_1.fq,040822C_2.fq,Fam04,4,8,Control,Illumina1.5
040823T,M,040823T_1.fq,040823T_2.fq,Fam04,4,8,Treatment,Illumina1.5
040824C,F,040824C_1.fq,040824C_2.fq,Fam04,4,8,Control,Illumina1.5
070000F,F,070000F_1.fq,070000F_2.fq,Fam04,0,0,Dam,Illumina1.5
080000F,F,080000F_1.fq,080000F_2.fq,Fam04,0,0,Dam,Illumina1.5
050000M,M,050000M_1.fq,050000M_2.fq,Fam05,0,0,Sire,Illumina1.5
050912C,F,050912C_1.fq,050912C_2.fq,Fam05,5,9,Control,Illumina1.5
050913T,M,050913T_1.fq,050913T_2.fq,Fam05,5,9,Treatment,Illumina1.5
050914C,F,050914C_1.fq,050914C_2.fq,Fam05,5,9,Control,Illumina1.5
050915T,F,050915T_1.fq,050915T_2.fq,Fam05,5,9,Treatment,Illumina1.5
050916C,F,050916C_1.fq,050916C_2.fq,Fam05,5,9,Control,Illumina1.5
050921T,F,050921T_1.fq,050921T_2.fq,Fam05,5,9,Treatment,Illumina1.5
050922C,M,050922C_1.fq,050922C_2.fq,Fam05,5,9,Control,Illumina1.5
050924C,M,050924C_1.fq,050924C_2.fq,Fam05,5,9,Control,Illumina1.5
051011T,F,051011T_1.fq,051011T_2.fq,Fam05,5,10,Treatment,Illumina1.5
051012C,F,051012C_1.fq,051012C_2.fq,Fam05,5,10,Control,Illumina1.5
051013T,M,051013T_1.fq,051013T_2.fq,Fam05,5,10,Treatment,Illumina1.5
051014C,M,051014C_1.fq,051014C_2.fq,Fam05,5,10,Control,Illumina1.5
051015T,F,051015T_1.fq,051015T_2.fq,Fam05,5,10,Treatment,Illumina1.5
051016C,F,051016C_1.fq,051016C_2.fq,Fam05,5,10,Control,Illumina1.5
051021T,M,051021T_1.fq,051021T_2.fq,Fam05,5,10,Treatment,Illumina1.5
051022C,M,051022C_1.fq,051022C_2.fq,Fam05,5,10,Control,Illumina1.5
051023T,M,051023T_1.fq,051023T_2.fq,Fam05,5,10,Treatment,Illumina1.5
051024C,M,051024C_1.fq,051024C_2.fq,Fam05,5,10,Control,Illumina1.5
090000F,F,090000F_1.fq,090000F_2.fq,Fam05,0,0,Dam,Illumina1.5
100000F,F,100000F_1.fq,100000F_2.fq,Fam05,0,0,Dam,Illumina1.5
070000M,M,070000M_1.fq,070000M_2.fq,Fam07,0,0,Sire,Illumina1.5
071313T,F,071313T_1.fq,071313T_2.fq,Fam07,7,13,Treatment,Illumina1.5
071315T,F,071315T_1.fq,071315T_2.fq,Fam07,7,13,Treatment,Illumina1.5
071316C,M,071316C_1.fq,071316C_2.fq,Fam07,7,13,Control,Illumina1.5
071322C,M,071322C_1.fq,071322C_2.fq,Fam07,7,13,Control,Illumina1.5
071323T,M,071323T_1.fq,071323T_2.fq,Fam07,7,13,Treatment,Illumina1.5
071324C,M,071324C_1.fq,071324C_2.fq,Fam07,7,13,Control,Illumina1.5
071411T,F,071411T_1.fq,071411T_2.fq,Fam07,7,14,Treatment,Illumina1.5
071412C,M,071412C_1.fq,071412C_2.fq,Fam07,7,14,Control,Illumina1.5
071414C,F,071414C_1.fq,071414C_2.fq,Fam07,7,14,Control,Illumina1.5
071415T,F,071415T_1.fq,071415T_2.fq,Fam07,7,14,Treatment,Illumina1.5
071416C,M,071416C_1.fq,071416C_2.fq,Fam07,7,14,Control,Illumina1.5
071421T,M,071421T_1.fq,071421T_2.fq,Fam07,7,14,Treatment,Illumina1.5
071422C,F,071422C_1.fq,071422C_2.fq,Fam07,7,14,Control,Illumina1.5
071423T,M,071423T_1.fq,071423T_2.fq,Fam07,7,14,Treatment,Illumina1.5
071424C,F,071424C_1.fq,071424C_2.fq,Fam07,7,14,Control,Illumina1.5
130000F,F,130000F_1.fq,130000F_2.fq,Fam07,0,0,Dam,Illumina1.5
140000F,F,140000F_1.fq,140000F_2.fq,Fam07,0,0,Dam,Illumina1.5
110000M,M,110000M_1.fq,110000M_2.fq,Fam11,0,0,Sire,Illumina1.5
112111T,F,112111T_1.fq,112111T_2.fq,Fam11,11,21,Treatment,Illumina1.5
112112C,F,112112C_1.fq,112112C_2.fq,Fam11,11,21,Control,Illumina1.5
112113T,F,112113T_1.fq,112113T_2.fq,Fam11,11,21,Treatment,Illumina1.5
112114C,F,112114C_1.fq,112114C_2.fq,Fam11,11,21,Control,Illumina1.5
112116C,M,112116C_1.fq,112116C_2.fq,Fam11,11,21,Control,Illumina1.5
112121T,F,112121T_1.fq,112121T_2.fq,Fam11,11,21,Treatment,Illumina1.5
112122C,F,112122C_1.fq,112122C_2.fq,Fam11,11,21,Control,Illumina1.5
112123T,F,112123T_1.fq,112123T_2.fq,Fam11,11,21,Treatment,Illumina1.5
112124C,M,112124C_1.fq,112124C_2.fq,Fam11,11,21,Control,Illumina1.5
112215T,F,112215T_1.fq,112215T_2.fq,Fam11,11,22,Treatment,Illumina1.5
112216C,F,112216C_1.fq,112216C_2.fq,Fam11,11,22,Control,Illumina1.5
112221T,M,112221T_1.fq,112221T_2.fq,Fam11,11,22,Treatment,Illumina1.5
112223T,F,112223T_1.fq,112223T_2.fq,Fam11,11,22,Treatment,Illumina1.5
112224C,F,112224C_1.fq,112224C_2.fq,Fam11,11,22,Control,Illumina1.5
210000F,F,210000F_1.fq,210000F_2.fq,Fam11,0,0,Dam,Illumina1.5
220000F,F,220000F_1.fq,220000F_2.fq,Fam11,0,0,Dam,Illumina1.5
120000M,M,120000M_1.fq,120000M_2.fq,Fam12,0,0,Sire,Illumina1.5
122312C,F,122312C_1.fq,122312C_2.fq,Fam12,12,23,Control,Illumina1.5
122313T,M,122313T_1.fq,122313T_2.fq,Fam12,12,23,Treatment,Illumina1.5
122314C,F,122314C_1.fq,122314C_2.fq,Fam12,12,23,Control,Illumina1.5
122315T,F,122315T_1.fq,122315T_2.fq,Fam12,12,23,Treatment,Illumina1.5
122321T,F,122321T_1.fq,122321T_2.fq,Fam12,12,23,Treatment,Illumina1.5
122322C,F,122322C_1.fq,122322C_2.fq,Fam12,12,23,Control,Illumina1.5
122323T,F,122323T_1.fq,122323T_2.fq,Fam12,12,23,Treatment,Illumina1.5
122324C,M,122324C_1.fq,122324C_2.fq,Fam12,12,23,Control,Illumina1.5
122412C,F,122412C_1.fq,122412C_2.fq,Fam12,12,24,Control,Sanger_Illumina1.9
122413T,F,122413T_1.fq,122413T_2.fq,Fam12,12,24,Treatment,Illumina1.5
122414C,F,122414C_1.fq,122414C_2.fq,Fam12,12,24,Control,Illumina1.5
122415T,F,122415T_1.fq,122415T_2.fq,Fam12,12,24,Treatment,Illumina1.5
122416C,M,122416C_1.fq,122416C_2.fq,Fam12,12,24,Control,Illumina1.5
122421T,F,122421T_1.fq,122421T_2.fq,Fam12,12,24,Treatment,Illumina1.5
122423T,F,122423T_1.fq,122423T_2.fq,Fam12,12,24,Treatment,Illumina1.5
122424C,F,122424C_1.fq,122424C_2.fq,Fam12,12,24,Control,Illumina1.5
230000F,F,230000F_1.fq,230000F_2.fq,Fam12,0,0,Dam,Illumina1.5
240000F,F,240000F_1.fq,240000F_2.fq,Fam12,0,0,Dam,Illumina1.5
130000M,M,130000M_1.fq,130000M_2.fq,Fam13,0,0,Sire,Illumina1.5
132511T,M,132511T_1.fq,132511T_2.fq,Fam13,13,25,Treatment,Illumina1.5
132512C,F,132512C_1.fq,132512C_2.fq,Fam13,13,25,Control,Illumina1.5
132513T,F,132513T_1.fq,132513T_2.fq,Fam13,13,25,Treatment,Illumina1.5
132514C,M,132514C_1.fq,132514C_2.fq,Fam13,13,25,Control,Illumina1.5
132515T,F,132515T_1.fq,132515T_2.fq,Fam13,13,25,Treatment,Illumina1.5
132516C,F,132516C_1.fq,132516C_2.fq,Fam13,13,25,Control,Illumina1.5
132521T,M,132521T_1.fq,132521T_2.fq,Fam13,13,25,Treatment,Illumina1.5
132522C,M,132522C_1.fq,132522C_2.fq,Fam13,13,25,Control,Illumina1.5
132523T,M,132523T_1.fq,132523T_2.fq,Fam13,13,25,Treatment,Illumina1.5
132524C,M,132524C_1.fq,132524C_2.fq,Fam13,13,25,Control,Illumina1.5
132611T,F,132611T_1.fq,132611T_2.fq,Fam13,13,26,Treatment,Illumina1.5
132612C,F,132612C_1.fq,132612C_2.fq,Fam13,13,26,Control,Illumina1.5
132613T,F,132613T_1.fq,132613T_2.fq,Fam13,13,26,Treatment,Illumina1.5
132614C,F,132614C_1.fq,132614C_2.fq,Fam13,13,26,Control,Illumina1.5
132615T,F,132615T_1.fq,132615T_2.fq,Fam13,13,26,Treatment,Illumina1.5
132616C,F,132616C_1.fq,132616C_2.fq,Fam13,13,26,Control,Illumina1.5
132621T,F,132621T_1.fq,132621T_2.fq,Fam13,13,26,Treatment,Illumina1.5
132622C,M,132622C_1.fq,132622C_2.fq,Fam13,13,26,Control,Illumina1.5
132623T,F,132623T_1.fq,132623T_2.fq,Fam13,13,26,Treatment,Illumina1.5
132624C,M,132624C_1.fq,132624C_2.fq,Fam13,13,26,Control,Illumina1.5
250000F,F,250000F_1.fq,250000F_2.fq,Fam13,0,0,Dam,Illumina1.5
260000F,F,260000F_1.fq,260000F_2.fq,Fam13,0,0,Dam,Illumina1.5
140000M,M,140000M_1.fq,140000M_2.fq,Fam14,0,0,Sire,Illumina1.5
142711T,F,142711T_1.fq,142711T_2.fq,Fam14,14,27,Treatment,Illumina1.5
142712C,M,142712C_1.fq,142712C_2.fq,Fam14,14,27,Control,Illumina1.5
142713T,F,142713T_1.fq,142713T_2.fq,Fam14,14,27,Treatment,Illumina1.5
142714C,F,142714C_1.fq,142714C_2.fq,Fam14,14,27,Control,Illumina1.5
142715T,M,142715T_1.fq,142715T_2.fq,Fam14,14,27,Treatment,Illumina1.5
142716C,M,142716C_1.fq,142716C_2.fq,Fam14,14,27,Control,Illumina1.5
142721T,F,142721T_1.fq,142721T_2.fq,Fam14,14,27,Treatment,Illumina1.5
142722C,M,142722C_1.fq,142722C_2.fq,Fam14,14,27,Control,Illumina1.5
142723T,M,142723T_1.fq,142723T_2.fq,Fam14,14,27,Treatment,Illumina1.5
142724C,M,142724C_1.fq,142724C_2.fq,Fam14,14,27,Control,Illumina1.5
142811T,F,142811T_1.fq,142811T_2.fq,Fam14,14,28,Treatment,Illumina1.5
142812C,F,142812C_1.fq,142812C_2.fq,Fam14,14,28,Control,Illumina1.5
142813T,F,142813T_1.fq,142813T_2.fq,Fam14,14,28,Treatment,Illumina1.5
142814C,F,142814C_1.fq,142814C_2.fq,Fam14,14,28,Control,Illumina1.5
142815T,F,142815T_1.fq,142815T_2.fq,Fam14,14,28,Treatment,Illumina1.5
142816C,F,142816C_1.fq,142816C_2.fq,Fam14,14,28,Control,Illumina1.5
142821T,M,142821T_1.fq,142821T_2.fq,Fam14,14,28,Treatment,Illumina1.5
142822C,F,142822C_1.fq,142822C_2.fq,Fam14,14,28,Control,Illumina1.5
142823T,F,142823T_1.fq,142823T_2.fq,Fam14,14,28,Treatment,Illumina1.5
270000F,F,270000F_1.fq,270000F_2.fq,Fam14,0,0,Dam,Illumina1.5
280000F,F,280000F_1.fq,280000F_2.fq,Fam14,0,0,Dam,Illumina1.5
150000M,M,150000M_1.fq,150000M_2.fq,Fam15,0,0,Sire,Illumina1.5
152911T,M,152911T_1.fq,152911T_2.fq,Fam15,15,29,Treatment,Illumina1.5
152912C,F,152912C_1.fq,152912C_2.fq,Fam15,15,29,Control,Illumina1.5
152913T,M,152913T_1.fq,152913T_2.fq,Fam15,15,29,Treatment,Illumina1.5
152914C,F,152914C_1.fq,152914C_2.fq,Fam15,15,29,Control,Illumina1.5
152915T,M,152915T_1.fq,152915T_2.fq,Fam15,15,29,Treatment,Illumina1.5
152916C,F,152916C_1.fq,152916C_2.fq,Fam15,15,29,Control,Illumina1.5
152921T,F,152921T_1.fq,152921T_2.fq,Fam15,15,29,Treatment,Illumina1.5
152923T,F,152923T_1.fq,152923T_2.fq,Fam15,15,29,Treatment,Illumina1.5
152924C,M,152924C_1.fq,152924C_2.fq,Fam15,15,29,Control,Illumina1.5
153012C,F,153012C_1.fq,153012C_2.fq,Fam15,15,30,Control,Illumina1.5
153013T,M,153013T_1.fq,153013T_2.fq,Fam15,15,30,Treatment,Illumina1.5
153014C,F,153014C_1.fq,153014C_2.fq,Fam15,15,30,Control,Illumina1.5
153015T,M,153015T_1.fq,153015T_2.fq,Fam15,15,30,Treatment,Illumina1.5
153016C,F,153016C_1.fq,153016C_2.fq,Fam15,15,30,Control,Illumina1.5
153021T,F,153021T_1.fq,153021T_2.fq,Fam15,15,30,Treatment,Illumina1.5
153023T,M,153023T_1.fq,153023T_2.fq,Fam15,15,30,Treatment,Illumina1.5
153024C,F,153024C_1.fq,153024C_2.fq,Fam15,15,30,Control,Illumina1.5
290000F,F,290000F_1.fq,290000F_2.fq,Fam15,0,0,Dam,Illumina1.5
300000F,F,300000F_1.fq,300000F_2.fq,Fam15,0,0,Dam,Illumina1.5
160000M,M,160000M_1.fq,160000M_2.fq,Fam16,0,0,Sire,Illumina1.5
163111T,F,163111T_1.fq,163111T_2.fq,Fam16,16,31,Treatment,Illumina1.5
163112C,M,163112C_1.fq,163112C_2.fq,Fam16,16,31,Control,Illumina1.5
163113T,F,163113T_1.fq,163113T_2.fq,Fam16,16,31,Treatment,Illumina1.5
163114C,F,163114C_1.fq,163114C_2.fq,Fam16,16,31,Control,Illumina1.5
163115T,F,163115T_1.fq,163115T_2.fq,Fam16,16,31,Treatment,Illumina1.5
163116C,M,163116C_1.fq,163116C_2.fq,Fam16,16,31,Control,Illumina1.5
163121T,M,163121T_1.fq,163121T_2.fq,Fam16,16,31,Treatment,Illumina1.5
163122C,M,163122C_1.fq,163122C_2.fq,Fam16,16,31,Control,Illumina1.5
163123T,F,163123T_1.fq,163123T_2.fq,Fam16,16,31,Treatment,Illumina1.5
163124C,F,163124C_1.fq,163124C_2.fq,Fam16,16,31,Control,Illumina1.5
163211T,F,163211T_1.fq,163211T_2.fq,Fam16,16,32,Treatment,Illumina1.5
163212C,F,163212C_1.fq,163212C_2.fq,Fam16,16,32,Control,Illumina1.5
163214C,M,163214C_1.fq,163214C_2.fq,Fam16,16,32,Control,Illumina1.5
163215T,M,163215T_1.fq,163215T_2.fq,Fam16,16,32,Treatment,Illumina1.5
163216C,F,163216C_a_1.fq,163216C_a_2.fq,Fam16,16,32,Control,Illumina1.5
163216C,F,163216C_b_1.fq,163216C_b_2.fq,Fam16,16,32,Control,Illumina1.5
163221T,M,163221T_1.fq,163221T_2.fq,Fam16,16,32,Treatment,Illumina1.5
163222C,F,163222C_1.fq,163222C_2.fq,Fam16,16,32,Control,Illumina1.5
163224C,F,163224C_1.fq,163224C_2.fq,Fam16,16,32,Control,Illumina1.5
310000F,F,310000F_1.fq,310000F_2.fq,Fam16,0,0,Dam,Illumina1.5
320000F,F,320000F_1.fq,320000F_2.fq,Fam16,0,0,Dam,Illumina1.5
170000M,M,170000M_1.fq,170000M_2.fq,Fam17,0,0,Sire,Illumina1.5
173311T,M,173311T_1.fq,173311T_2.fq,Fam17,17,33,Treatment,Illumina1.5
173312C,F,173312C_1.fq,173312C_2.fq,Fam17,17,33,Control,Illumina1.5
173313T,M,173313T_1.fq,173313T_2.fq,Fam17,17,33,Treatment,Illumina1.5
173314C,F,173314C_1.fq,173314C_2.fq,Fam17,17,33,Control,Illumina1.5
173315T,F,173315T_1.fq,173315T_2.fq,Fam17,17,33,Treatment,Illumina1.5
173316C,F,173316C_1.fq,173316C_2.fq,Fam17,17,33,Control,Illumina1.5
173321T,M,173321T_1.fq,173321T_2.fq,Fam17,17,33,Treatment,Illumina1.5
173322C,F,173322C_1.fq,173322C_2.fq,Fam17,17,33,Control,Illumina1.5
173323T,F,173323T_1.fq,173323T_2.fq,Fam17,17,33,Treatment,Illumina1.5
173324C,F,173324C_1.fq,173324C_2.fq,Fam17,17,33,Control,Illumina1.5
173411T,M,173411T_1.fq,173411T_2.fq,Fam17,17,34,Treatment,Illumina1.5
173412C,F,173412C_1.fq,173412C_2.fq,Fam17,17,34,Control,Illumina1.5
173413T,F,173413T_1.fq,173413T_2.fq,Fam17,17,34,Treatment,Illumina1.5
173414C,F,173414C_1.fq,173414C_2.fq,Fam17,17,34,Control,Illumina1.5
173415T,F,173415T_1.fq,173415T_2.fq,Fam17,17,34,Treatment,Illumina1.5
173416C,M,173416C_1.fq,173416C_2.fq,Fam17,17,34,Control,Illumina1.5
173421T,M,173421T_a_1.fq,173421T_a_2.fq,Fam17,17,34,Treatment,Illumina1.5
173421T,M,173421T_b_1.fq,173421T_b_2.fq,Fam17,17,34,Treatment,Illumina1.5
173422C,F,173422C_1.fq,173422C_2.fq,Fam17,17,34,Control,Illumina1.5
173423T,M,173423T_1.fq,173423T_2.fq,Fam17,17,34,Treatment,Illumina1.5
173424C,F,173424C_1.fq,173424C_2.fq,Fam17,17,34,Control,Illumina1.5
330000F,F,330000F_1.fq,330000F_2.fq,Fam17,0,0,Dam,Illumina1.5
340000F,F,340000F_1.fq,340000F_2.fq,Fam17,0,0,Dam,Illumina1.5
180000M,M,180000M_1.fq,180000M_2.fq,Fam18,0,0,Sire,Illumina1.5
183511T,F,183511T_1.fq,183511T_2.fq,Fam18,18,35,Treatment,Illumina1.5
183513T,F,183513T_1.fq,183513T_2.fq,Fam18,18,35,Treatment,Illumina1.5
183514C,F,183514C_1.fq,183514C_2.fq,Fam18,18,35,Control,Illumina1.5
183515T,F,183515T_1.fq,183515T_2.fq,Fam18,18,35,Treatment,Illumina1.5
183516C,F,183516C_1.fq,183516C_2.fq,Fam18,18,35,Control,Illumina1.5
183521T,F,183521T_1.fq,183521T_2.fq,Fam18,18,35,Treatment,Illumina1.5
183522C,M,183522C_1.fq,183522C_2.fq,Fam18,18,35,Control,Illumina1.5
183523T,F,183523T_1.fq,183523T_2.fq,Fam18,18,35,Control,Illumina1.5
183524C,F,183524C_1.fq,183524C_2.fq,Fam18,18,35,Control,Illumina1.5
183611T,F,183611T_1.fq,183611T_2.fq,Fam18,18,36,Treatment,Illumina1.5
183612C,M,183612C_1.fq,183612C_2.fq,Fam18,18,36,Control,Illumina1.5
183614C,F,183614C_1.fq,183614C_2.fq,Fam18,18,36,Control,Illumina1.5
183615T,F,183615T_1.fq,183615T_2.fq,Fam18,18,36,Treatment,Illumina1.5
183616C,M,183616C_1.fq,183616C_2.fq,Fam18,18,36,Control,Illumina1.5
183621T,M,183621T_1.fq,183621T_2.fq,Fam18,18,36,Treatment,Illumina1.5
183622C,M,183622C_1.fq,183622C_2.fq,Fam18,18,36,Control,Illumina1.5
183623T,F,183623T_1.fq,183623T_2.fq,Fam18,18,36,Treatment,Illumina1.5
183624T,F,183624T_1.fq,183624T_2.fq,Fam18,18,36,Treatment,Illumina1.5
350000F,F,350000F_1.fq,350000F_2.fq,Fam18,0,0,Dam,Illumina1.5
360000F,F,360000F_1.fq,360000F_2.fq,Fam18,0,0,Dam,Illumina1.5
190000M,M,190000M_1.fq,190000M_2.fq,Fam19,0,0,Sire,Illumina1.5
193711T,F,193711T_1.fq,193711T_2.fq,Fam19,19,37,Treatment,Illumina1.5
193712C,F,193712C_1.fq,193712C_2.fq,Fam19,19,37,Control,Illumina1.5
193713T,M,193713T_1.fq,193713T_2.fq,Fam19,19,37,Treatment,Illumina1.5
193714C,F,193714C_1.fq,193714C_2.fq,Fam19,19,37,Control,Illumina1.5
193715T,F,193715T_1.fq,193715T_2.fq,Fam19,19,37,Treatment,Illumina1.5
193721T,F,193721T_1.fq,193721T_2.fq,Fam19,19,37,Treatment,Illumina1.5
193722C,F,193722C_1.fq,193722C_2.fq,Fam19,19,37,Control,Illumina1.5
193723T,F,193723T_1.fq,193723T_2.fq,Fam19,19,37,Treatment,Illumina1.5
193724C,F,193724C_1.fq,193724C_2.fq,Fam19,19,37,Control,Illumina1.5
193811T,F,193811T_1.fq,193811T_2.fq,Fam19,19,38,Treatment,Illumina1.5
193812C,M,193812C_1.fq,193812C_2.fq,Fam19,19,38,Control,Illumina1.5
193813T,M,193813T_1.fq,193813T_2.fq,Fam19,19,38,Treatment,Illumina1.5
193814C,F,193814C_1.fq,193814C_2.fq,Fam19,19,38,Control,Illumina1.5
193816C,M,193816C_1.fq,193816C_2.fq,Fam19,19,38,Control,Illumina1.5
193821T,F,193821T_1.fq,193821T_2.fq,Fam19,19,38,Treatment,Illumina1.5
193822C,F,193822C_1.fq,193822C_2.fq,Fam19,19,38,Control,Illumina1.5
193823T,F,193823T_1.fq,193823T_2.fq,Fam19,19,38,Treatment,Illumina1.5
193824C,M,193824C_1.fq,193824C_2.fq,Fam19,19,38,Control,Illumina1.5
370000F,F,370000F_1.fq,370000F_2.fq,Fam19,0,0,Dam,Illumina1.5
380000F,F,380000F_1.fq,380000F_2.fq,Fam19,0,0,Dam,Illumina1.5
200000M,M,200000M_1.fq,200000M_2.fq,Fam20,0,0,Sire,Illumina1.5
203911T,F,203911T_1.fq,203911T_2.fq,Fam20,20,39,Treatment,Illumina1.5
203912C,M,203912C_1.fq,203912C_2.fq,Fam20,20,39,Control,Illumina1.5
203913T,M,203913T_1.fq,203913T_2.fq,Fam20,20,39,Treatment,Illumina1.5
203914C,M,203914C_1.fq,203914C_2.fq,Fam20,20,39,Control,Illumina1.5
203915T,M,203915T_1.fq,203915T_2.fq,Fam20,20,39,Treatment,Illumina1.5
203916C,F,203916C_1.fq,203916C_2.fq,Fam20,20,39,Control,Illumina1.5
203921T,F,203921T_1.fq,203921T_2.fq,Fam20,20,39,Treatment,Illumina1.5
203922C,F,203922C_1.fq,203922C_2.fq,Fam20,20,39,Control,Illumina1.5
203923T,F,203923T_1.fq,203923T_2.fq,Fam20,20,39,Treatment,Illumina1.5
203924C,M,203924C_1.fq,203924C_2.fq,Fam20,20,39,Control,Illumina1.5
204011T,F,204011T_1.fq,204011T_2.fq,Fam20,20,40,Treatment,Illumina1.5
204012C,F,204012C_1.fq,204012C_2.fq,Fam20,20,40,Control,Illumina1.5
204013T,M,204013T_1.fq,204013T_2.fq,Fam20,20,40,Treatment,Illumina1.5
204014C,F,204014C_1.fq,204014C_2.fq,Fam20,20,40,Control,Illumina1.5
204015T,F,204015T_1.fq,204015T_2.fq,Fam20,20,40,Treatment,Illumina1.5
204016C,F,204016C_1.fq,204016C_2.fq,Fam20,20,40,Control,Illumina1.5
204021T,F,204021T_1.fq,204021T_2.fq,Fam20,20,40,Treatment,Illumina1.5
204022C,F,204022C_1.fq,204022C_2.fq,Fam20,20,40,Control,Illumina1.5
204023T,F,204023T_1.fq,204023T_2.fq,Fam20,20,40,Treatment,Illumina1.5
204024C,F,204024C_1.fq,204024C_2.fq,Fam20,20,40,Control,Illumina1.5
390000F,F,390000F_1.fq,390000F_2.fq,Fam20,0,0,Dam,Illumina1.5
400000F,F,400000F_1.fq,400000F_2.fq,Fam20,0,0,Dam,Illumina1.5
210000M,M,210000M_1.fq,210000M_2.fq,Fam21,0,0,Sire,Illumina1.5
214111T,F,214111T_1.fq,214111T_2.fq,Fam21,21,41,Treatment,Sanger_Illumina 1.9
214112C,F,214112C_1.fq,214112C_2.fq,Fam21,21,41,Control,Illumina1.5
214113T,F,214113T_1.fq,214113T_2.fq,Fam21,21,41,Treatment,Illumina1.5
214114C,M,214114C_1.fq,214114C_2.fq,Fam21,21,41,Control,Illumina1.5
214115T,F,214115T_1.fq,214115T_2.fq,Fam21,21,41,Treatment,Illumina1.5
214116C,M,214116C_1.fq,214116C_2.fq,Fam21,21,41,Control,Illumina1.5
214121T,F,214121T_1.fq,214121T_2.fq,Fam21,21,41,Treatment,Sanger_Illumina1.9
214122C,F,214122C_1.fq,214122C_2.fq,Fam21,21,41,Control,Sanger_Illumina 1.9
214123T,M,214123T_1.fq,214123T_2.fq,Fam21,21,41,Treatment,Sanger_Illumina1.9
214124C,M,214124C_1.fq,214124C_2.fq,Fam21,21,41,Control,Sanger_Illumina 1.9
214211T,M,214211T_1.fq,214211T_2.fq,Fam21,21,42,Treatment,Illumina1.5
214212C,F,214212C_1.fq,214212C_2.fq,Fam21,21,42,Control,Sanger_Illumina 1.9
214213T,F,214213T_1.fq,214213T_2.fq,Fam21,21,42,Treatment,Illumina1.5
214215T,F,214215T_1.fq,214215T_2.fq,Fam21,21,42,Treatment,Illumina1.5
214216C,F,214216C_1.fq,214216C_2.fq,Fam21,21,42,Control,Illumina1.5
214221T,M,214221T_a_1.fq,214221T_a_2.fq,Fam21,21,42,Treatment,Illumina1.5
214221T,M,214221T_b_1.fq,214221T_b_2.fq,Fam21,21,42,Treatment,Illumina1.5
214222C,F,214222C_1.fq,214222C_2.fq,Fam21,21,42,Control,Illumina1.5
214223T,F,214223T_1.fq,214223T_2.fq,Fam21,21,42,Treatment,Sanger_Illumina 1.9
214224C,F,214224C_1.fq,214224C_2.fq,Fam21,21,42,Control,Illumina1.5
410000F,F,410000F_1.fq,410000F_2.fq,Fam21,0,0,Dam,Illumina1.5
420000F,F,420000F_1.fq,420000F_2.fq,Fam21,0,0,Dam,Illumina1.5
220000M,M,220000M_1.fq,220000M_2.fq,Fam22,0,0,Sire,Illumina1.5
224311T,F,224311T_1.fq,224311T_2.fq,Fam22,22,43,Treatment,Illumina1.5
224312C,M,224312C_1.fq,224312C_2.fq,Fam22,22,43,Control,Illumina1.5
224314C,M,224314C_1.fq,224314C_2.fq,Fam22,22,43,Control,Illumina1.5
224315T,F,224315T_1.fq,224315T_2.fq,Fam22,22,43,Treatment,Illumina1.5
224316C,M,224316C_1.fq,224316C_2.fq,Fam22,22,43,Control,Sanger_Illumina 1.9
224321T,M,224321T_1.fq,224321T_2.fq,Fam22,22,43,Treatment,Illumina1.5
224322C,M,224322C_1.fq,224322C_2.fq,Fam22,22,43,Control,Illumina1.5
224323T,M,224323T_1.fq,224323T_2.fq,Fam22,22,43,Treatment,Illumina1.5
224324C,F,224324C_1.fq,224324C_2.fq,Fam22,22,43,Control,Sanger_Illumina 1.9
224413T,F,224413T_1.fq,224413T_2.fq,Fam22,22,44,Treatment,Illumina1.5
224414C,F,224414C_1.fq,224414C_2.fq,Fam22,22,44,Control,Illumina1.5
224415T,F,224415T_1.fq,224415T_2.fq,Fam22,22,44,Treatment,Illumina1.5
224416C,M,224416C_a_1.fq,224416C_a_2.fq,Fam22,22,44,Control,Illumina1.5
224416C,M,224416C_b_1.fq,224416C_b_2.fq,Fam22,22,44,Control,Sanger_Illumina 1.9
224421T,M,224421T_1.fq,224421T_2.fq,Fam22,22,44,Treatment,Sanger_Illumina 1.9
224423T,M,224423T_a_1.fq,224423T_a_2.fq,Fam22,22,44,Treatment,Illumina1.5
224423T,M,224423T_b_1.fq,224423Tb_2.fq,Fam22,22,44,Treatmentb,Sanger_Illumina 1.9
224424C,M,224424C_a_1.fq,224424C_a_2.fq,Fam22,22,44,Control,Illumina1.5
224424C,M,224424C_b_1.fq,224424C_b_2.fq,Fam22,22,44,Control,Sanger_Illumina 1.9
430000F,F,430000F_a_1.fq,430000F_a_2.fq,Fam22,0,0,Dam,Illumina1.5
430000F,F,430000F_b_1.fq,430000F_b_2.fq,Fam22,0,0,Dam,Illumina1.5
440000F,F,440000F_1.fq,440000F_2.fq,Fam22,0,0,Dam,Illumina1.5
230000M,M,230000M_1.fq,230000M_2.fq,Fam23,0,0,Sire,Illumina1.5
234513T,M,234513T_1.fq,234513T_2.fq,Fam23,23,45,Treatment,Sanger_Illumina 1.9
234514C,M,234514C_1.fq,234514C_2.fq,Fam23,23,45,Control,Sanger_Illumina 1.9
234516C,F,234516C_1.fq,234516C_2.fq,Fam23,23,45,Control,Illumina1.5
234521T,F,234521T_1.fq,234521T_2.fq,Fam23,23,45,Treatment,Illumina1.5
234522C,M,234522C_1.fq,234522C_2.fq,Fam23,23,45,Control,Illumina1.5
234523T,F,234523T_1.fq,234523T_2.fq,Fam23,23,45,Treatment,Sanger_Illumina 1.9
234524C,M,234524C_1.fq,234524C_2.fq,Fam23,23,45,Control,Illumina1.5
234611T,M,234611T_1.fq,234611T_2.fq,Fam23,23,46,Treatment,Illumina1.5
234612C,M,234612C_1.fq,234612C_2.fq,Fam23,23,46,Control,Sanger_Illumina 1.9
234613T,M,234613T_1.fq,234613T_2.fq,Fam23,23,46,Treatment,Illumina1.5
234614C,M,234614C_1.fq,234614C_2.fq,Fam23,23,46,Control,Illumina1.5
234615T,F,234615T_a_1.fq,234615T_a_2.fq,Fam23,23,46,Treatment,Illumina1.5
234615T,F,234615T_b_1.fq,234615T_b_2.fq,Fam23,23,46,Treatment,Sanger_Illumina 1.9
234616C,M,234616C_1.fq,234616C_2.fq,Fam23,23,46,Control,Illumina1.5
234621T,M,234621T_1.fq,234621T_2.fq,Fam23,23,46,Treatment,Illumina1.5
234623T,M,234623T_1.fq,234623T_2.fq,Fam23,23,46,Treatment,Illumina1.5
234624C,M,234624C_1.fq,234624C_2.fq,Fam23,23,46,Control,Illumina1.5
450000F,F,450000F_1.fq,450000F_2.fq,Fam23,0,0,Dam,Illumina1.5
460000F,F,460000F_a_1.fq,460000F_a_2.fq,Fam23,0,0,Dam,Illumina1.5
460000F,F,460000F_b_1.fq,460000F_b_2.fq,Fam23,0,0,Dam,Illumina1.5
240000M,M,240000M_1.fq,240000M_2.fq,Fam24,0,0,Sire,Illumina1.5
244711T,M,244711T_1.fq,244711T_2.fq,Fam24,24,47,Treatment,Illumina1.5
244712C,F,244712C_1.fq,244712C_2.fq,Fam24,24,47,Control,Illumina1.5
244713T,M,244713T_1.fq,244713T_2.fq,Fam24,24,47,Treatment,Illumina1.5
244714C,F,244714C_1.fq,244714C_2.fq,Fam24,24,47,Control,Illumina1.5
244715T,M,244715T_1.fq,244715T_2.fq,Fam24,24,47,Treatment,Illumina1.5
244716C,M,244716C_1.fq,244716C_2.fq,Fam24,24,47,Control,Illumina1.5
244721T,F,244721T_1.fq,244721T_2.fq,Fam24,24,47,Treatment,Illumina1.5
244722C,F,244722C_1.fq,244722C_2.fq,Fam24,24,47,Control,Illumina1.5
244723T,M,244723T_1.fq,244723T_2.fq,Fam24,24,47,Treatment,Illumina1.5
244811T,M,244811T_1.fq,244811T_2.fq,Fam24,24,48,Treatment,Illumina1.5
244812C,F,244812C_1.fq,244812C_2.fq,Fam24,24,48,Control,Illumina1.5
244813T,M,244813T_1.fq,244813T_2.fq,Fam24,24,48,Treatment,Illumina1.5
244814C,M,244814C_1.fq,244814C_2.fq,Fam24,24,48,Control,Illumina1.5
244816C,F,244816C_1.fq,244816C_2.fq,Fam24,24,48,Control,Illumina1.5
244821T,M,244821T_1.fq,244821T_2.fq,Fam24,24,48,Treatment,Illumina1.5
244822C,F,244822C_1.fq,244822C_2.fq,Fam24,24,48,Control,Illumina1.5
244823T,F,244823T_1.fq,244823T_2.fq,Fam24,24,48,Treatment,Illumina1.5
244824C,M,244824C_1.fq,244824C_2.fq,Fam24,24,48,Control,Illumina1.5
480000F,F,480000F_1.fq,480000F_2.fq,Fam24,0,0,Dam,Illumina1.5
270000M,M,270000M_1.fq,270000M_2.fq,Fam27,0,0,Sire,Illumina1.5
275311T,F,275311T_1.fq,275311T_2.fq,Fam27,27,53,Treatment,Illumina1.5
275312C,M,275312C_1.fq,275312C_2.fq,Fam27,27,53,Control,Illumina1.5
275313T,F,275313T_1.fq,275313T_2.fq,Fam27,27,53,Treatment,Illumina1.5
275314C,M,275314C_1.fq,275314C_2.fq,Fam27,27,53,Control,Illumina1.5
275315T,M,275315T_1.fq,275315T_2.fq,Fam27,27,53,Treatment,Illumina1.5
275316C,F,275316C_1.fq,275316C_2.fq,Fam27,27,53,Control,Illumina1.5
275321T,M,275321T_1.fq,275321T_2.fq,Fam27,27,53,Treatment,Illumina1.5
275322C,M,275322C_1.fq,275322C_2.fq,Fam27,27,53,Control,Illumina1.5
275323C,F,275323C_1.fq,275323C_2.fq,Fam27,27,53,Control,Illumina1.5
275324C,M,275324C_1.fq,275324C_2.fq,Fam27,27,53,Control,Illumina1.5
275411T,M,275411T_1.fq,275411T_2.fq,Fam27,27,54,Treatment,Illumina1.5
275412C,M,275412C_1.fq,275412C_2.fq,Fam27,27,54,Control,Illumina1.5
275413T,F,275413T_1.fq,275413T_2.fq,Fam27,27,54,Treatment,Illumina1.5
275414C,M,275414C_1.fq,275414C_2.fq,Fam27,27,54,Control,Illumina1.5
275421T,F,275421T_1.fq,275421T_2.fq,Fam27,27,54,Treatment,Illumina1.5
275422C,M,275422C_1.fq,275422C_2.fq,Fam27,27,54,Control,Illumina1.5
275423T,M,275423T_1.fq,275423T_2.fq,Fam27,27,54,Treatment,Illumina1.5
275424C,F,275424C_1.fq,275424C_2.fq,Fam27,27,54,Control,Illumina1.5
530000F,F,530000F_1.fq,530000F_2.fq,Fam27,0,0,Dam,Illumina1.5
540000F,F,540000F_1.fq,540000F_2.fq,Fam27,0,0,Dam,Illumina1.5
280000M,M,280000M_1.fq,280000M_2.fq,Fam28,0,0,Sire,Illumina1.5
285511T,M,285511T_1.fq,285511T_2.fq,Fam28,28,55,Treatment,Illumina1.5
285512C,M,285512C_1.fq,285512C_2.fq,Fam28,28,55,Control,Illumina1.5
285513T,M,285513T_1.fq,285513T_2.fq,Fam28,28,55,Treatment,Illumina1.5
285514C,F,285514C_1.fq,285514C_2.fq,Fam28,28,55,Control,Illumina1.5
285515T,F,285515T_1.fq,285515T_2.fq,Fam28,28,55,Treatment,Illumina1.5
285516C,F,285516C_1.fq,285516C_2.fq,Fam28,28,55,Control,Illumina1.5
285521T,M,285521T_1.fq,285521T_2.fq,Fam28,28,55,Treatment,Illumina1.5
285522C,F,285522C_1.fq,285522C_2.fq,Fam28,28,55,Control,Illumina1.5
285523T,M,285523T_1.fq,285523T_2.fq,Fam28,28,55,Treatment,Illumina1.5
285524C,M,285524C_1.fq,285524C_2.fq,Fam28,28,55,Control,Illumina1.5
285614C,F,285614C_1.fq,285614C_2.fq,Fam28,28,56,Control,Illumina1.5
285616C,F,285616C_1.fq,285616C_2.fq,Fam28,28,56,Control,Illumina1.5
285622C,F,285622C_1.fq,285622C_2.fq,Fam28,28,56,Control,Illumina1.5
285623T,M,285623T_1.fq,285623T_2.fq,Fam28,28,56,Treatment,Illumina1.5
285624C,F,285624C_1.fq,285624C_2.fq,Fam28,28,56,Control,Illumina1.5
550000F,F,550000F_1.fq,550000F_2.fq,Fam28,0,0,Dam,Illumina1.5
560000F,F,560000F_1.fq,560000F_2.fq,Fam28,0,0,Dam,Illumina1.5
290000M,M,290000M_a_1.fq,290000M_a_2.fq,Fam29,0,0,Sire,Illumina1.5
290000M,M,290000M_b_1.fq,290000M_b_2.fq,Fam29,0,0,Sire,Sanger_Illumina 1.9
295711T,F,295711T_1.fq,295711T_2.fq,Fam29,29,57,Treatment,Sanger_Illumina 1.9
295712C,F,295712C_1.fq,295712C_2.fq,Fam29,29,57,Control,Sanger_Illumina 1.9
295714C,M,295714C_1.fq,295714C_2.fq,Fam29,29,57,Control,Illumina1.5
295715T,F,295715T_1.fq,295715T_2.fq,Fam29,29,57,Treatment,Sanger_Illumina 1.9
295716C,F,295716C_1.fq,295716C_2.fq,Fam29,29,57,Control,Illumina1.5
295721T,M,295721T_1.fq,295721T_2.fq,Fam29,29,57,Treatment,Sanger_Illumina 1.9
295722C,F,295722C_1.fq,295722C_2.fq,Fam29,29,57,Control,Sanger_Illumina 1.9
295723C,M,295723C_1.fq,295723C_2.fq,Fam29,29,57,Control,Illumina1.5
295724C,M,295724C_1.fq,295724C_2.fq,Fam29,29,57,Control,Illumina1.5
295812C,M,295812C_1.fq,295812C_2.fq,Fam29,29,58,Control,Illumina1.5
295813T,F,295813T_1.fq,295813T_2.fq,Fam29,29,58,Treatment,Illumina1.5
295814C,M,295814C_1.fq,295814C_2.fq,Fam29,29,58,Control,Illumina1.5
295815T,M,295815T_1.fq,295815T_2.fq,Fam29,29,58,Treatment,Illumina1.5
295816C,M,295816C_1.fq,295816C_2.fq,Fam29,29,58,Control,Illumina1.5
295821T,M,295821T_1.fq,295821T_2.fq,Fam29,29,58,Treatment,Illumina1.5
295822C,F,295822C_1.fq,295822C_2.fq,Fam29,29,58,Control,Illumina1.5
295823T,F,295823T_1.fq,295823T_2.fq,Fam29,29,58,Treatment,Illumina1.5
295824C,M,295824C_1.fq,295824C_2.fq,Fam29,29,58,Control,Illumina1.5
570000F,F,570000F_1.fq,570000F_2.fq,Fam29,0,0,Dam,Illumina1.5
580000F,F,580000F_a_1.fq,580000F_a_2.fq,Fam29,0,0,Dam,Illumina1.5
580000F,F,580000F_b_1.fq,580000F_b_2.fq,Fam29,0,0,Dam,Sanger_Illumina 1.9
300000M,M,300000M_1.fq,300000M_2.fq,Fam30,0,0,Sire,Illumina1.5
305911T,M,305911T_1.fq,305911T_2.fq,Fam30,30,59,Treatment,Illumina1.5
305912C,M,305912C_1.fq,305912C_2.fq,Fam30,30,59,Control,Illumina1.5
305913T,F,305913T_1.fq,305913T_2.fq,Fam30,30,59,Treatment,Illumina1.5
305914C,M,305914C_1.fq,305914C_2.fq,Fam30,30,59,Control,Illumina1.5
305915T,F,305915T_1.fq,305915T_2.fq,Fam30,30,59,Treatment,Illumina1.5
305916C,M,305916C_1.fq,305916C_2.fq,Fam30,30,59,Control,Illumina1.5
305921T,M,305921T_1.fq,305921T_2.fq,Fam30,30,59,Treatment,Illumina1.5
305922C,F,305922C_1.fq,305922C_2.fq,Fam30,30,59,Control,Illumina1.5
305923T,M,305923T_1.fq,305923T_2.fq,Fam30,30,59,Treatment,Illumina1.5
305924C,F,305924C_1.fq,305924C_2.fq,Fam30,30,59,Control,Illumina1.5
306011T,F,306011T_1.fq,306011T_2.fq,Fam30,30,60,Treatment,Illumina1.5
306012C,M,306012C_1.fq,306012C_2.fq,Fam30,30,60,Control,Illumina1.5
306013T,F,306013T_1.fq,306013T_2.fq,Fam30,30,60,Treatment,Illumina1.5
306014C,F,306014C_1.fq,306014C_2.fq,Fam30,30,60,Control,Illumina1.5
306015T,F,306015T_1.fq,306015T_2.fq,Fam30,30,60,Treatment,Illumina1.5
306016C,F,306016C_1.fq,306016C_2.fq,Fam30,30,60,Control,Illumina1.5
306021T,M,306021T_1.fq,306021T_2.fq,Fam30,30,60,Treatment,Illumina1.5
306022C,M,306022C_1.fq,306022C_2.fq,Fam30,30,60,Control,Illumina1.5
306023T,F,306023T_1.fq,306023T_2.fq,Fam30,30,60,Treatment,Illumina1.5
306024C,F,306024C_1.fq,306024C_2.fq,Fam30,30,60,Control,Illumina1.5
590000F,F,590000F_1.fq,590000F_2.fq,Fam30,0,0,Dam,Illumina1.5
600000F,F,600000F_1.fq,600000F_2.fq,Fam30,0,0,Dam,Illumina1.5
310000M,M,310000M_1.fq,310000M_2.fq,Fam31,0,0,Sire,Illumina1.5
316111T,M,316111T_1.fq,316111T_2.fq,Fam31,31,61,Treatment,Illumina1.5
316112C,F,316112C_1.fq,316112C_2.fq,Fam31,31,61,Control,Illumina1.5
316113T,F,316113T_1.fq,316113T_2.fq,Fam31,31,61,Treatment,Illumina1.5
316114C,M,316114C_1.fq,316114C_2.fq,Fam31,31,61,Control,Illumina1.5
316115T,F,316115T_1.fq,316115T_2.fq,Fam31,31,61,Treatment,Illumina1.5
316116C,M,316116C_1.fq,316116C_2.fq,Fam31,31,61,Control,Illumina1.5
316121T,M,316121T_1.fq,316121T_2.fq,Fam31,31,61,Treatment,Illumina1.5
316123T,M,316123T_1.fq,316123T_2.fq,Fam31,31,61,Treatment,Illumina1.5
316124C,F,316124C_1.fq,316124C_2.fq,Fam31,31,61,Control,Illumina1.5
316211T,F,316211T_1.fq,316211T_2.fq,Fam31,31,62,Treatment,Illumina1.5
316212C,F,316212C_1.fq,316212C_2.fq,Fam31,31,62,Control,Illumina1.5
316213T,M,316213T_1.fq,316213T_2.fq,Fam31,31,62,Treatment,Illumina1.5
316214C,F,316214C_1.fq,316214C_2.fq,Fam31,31,62,Control,Illumina1.5
316215T,M,316215T_1.fq,316215T_2.fq,Fam31,31,62,Treatment,Illumina1.5
316216C,M,316216C_1.fq,316216C_2.fq,Fam31,31,62,Control,Illumina1.5
316221T,M,316221T_1.fq,316221T_2.fq,Fam31,31,62,Treatment,Illumina1.5
316222C,F,316222C_1.fq,316222C_2.fq,Fam31,31,62,Control,Illumina1.5
316223T,F,316223T_1.fq,316223T_2.fq,Fam31,31,62,Treatment,Illumina1.5
316224C,M,316224C_1.fq,316224C_2.fq,Fam31,31,62,Control,Illumina1.5
610000F,F,610000F_1.fq,610000F_2.fq,Fam31,0,0,Dam,Illumina1.5
620000F,F,620000F_1.fq,620000F_2.fq,Fam31,0,0,Dam,Illumina1.5
320000M,M,320000M_1.fq,320000M_2.fq,Fam32,0,0,Sire,Illumina1.5
326311T,M,326311T_1.fq,326311T_2.fq,Fam32,32,63,Treatment,Illumina1.5
326312C,M,326312C_1.fq,326312C_2.fq,Fam32,32,63,Control,Illumina1.5
326313T,M,326313T_1.fq,326313T_2.fq,Fam32,32,63,Treatment,Illumina1.5
326314C,M,326314C_1.fq,326314C_2.fq,Fam32,32,63,Control,Illumina1.5
326315T,M,326315T_a_1.fq,326315T_a_2.fq,Fam32,32,63,Treatment,Illumina1.5
326315T,M,326315T_b_1.fq,326315T_b_2.fq,Fam32,32,63,Treatment,Sanger_Illumina 1.9
326316C,M,326316C_1.fq,326316C_2.fq,Fam32,32,63,Control,Illumina1.5
326321T,F,326321T_1.fq,326321T_2.fq,Fam32,32,63,Treatment,Illumina1.5
326323T,M,326323T_1.fq,326323T_2.fq,Fam32,32,63,Treatment,Illumina1.5
326324C,M,326324C_1.fq,326324C_2.fq,Fam32,32,63,Control,Illumina1.5
326411T,M,326411T_1.fq,326411T_2.fq,Fam32,32,64,Treatment,Illumina1.5
326412C,M,326412C_1.fq,326412C_2.fq,Fam32,32,64,Control,Illumina1.5
326413T,M,326413T_1.fq,326413T_2.fq,Fam32,32,64,Treatment,Illumina1.5
326414C,M,326414C_a_1.fq,326414C_a_2.fq,Fam32,32,64,Control,Illumina1.5
326414C,M,326414C_b_1.fq,326414C_b_2.fq,Fam32,32,64,Control,Illumina1.5
326415T,M,326415T_1.fq,326415T_2.fq,Fam32,32,64,Treatment,Illumina1.5
326416C,M,326416C_1.fq,326416C_2.fq,Fam32,32,64,Control,Illumina1.5
326421T,F,326421T_1.fq,326421T_2.fq,Fam32,32,64,Treatment,Illumina1.5
326422C,M,326422C_1.fq,326422C_2.fq,Fam32,32,64,Control,Illumina1.5
326424C,F,326424C_1.fq,326424C_2.fq,Fam32,32,64,Control,Illumina1.5
630000F,F,630000F_1.fq,630000F_2.fq,Fam32,0,0,Dam,Illumina1.5
640000F,F,640000F_1.fq,640000F_2.fq,Fam32,0,0,Dam,Illumina1.5
330000M,M,330000M_a_1.fq,330000M_a_2.fq,Fam33,0,0,Sire,Illumina1.5
330000M,M,330000M_b_1.fq,330000M_b_2.fq,Fam33,0,0,Sire,Sanger_Illumina 1.9
336512C,F,336512C_1.fq,336512C_2.fq,Fam33,33,65,Control,Sanger_Illumina 1.9
336513T,F,336513T_1.fq,336513T_2.fq,Fam33,33,65,Treatment,Illumina1.5
336514C,M,336514C_1.fq,336514C_2.fq,Fam33,33,65,Control,Illumina1.5
336515T,M,336515T_1.fq,336515T_2.fq,Fam33,33,65,Treatment,Sanger_Illumina 1.9
336516C,F,336516C_1.fq,336516C_2.fq,Fam33,33,65,Control,Sanger_Illumina 1.9
336522C,F,336522C_1.fq,336522C_2.fq,Fam33,33,65,Control,Illumina1.5
336523T,M,336523T_1.fq,336523T_2.fq,Fam33,33,65,Treatment,Sanger_Illumina 1.9
336524C,F,336524C_1.fq,336524C_2.fq,Fam33,33,65,Treatment,Sanger_Illumina 1.9
336611T,F,336611T_a_1.fq,336611T_a_2.fq,Fam33,33,66,Treatment,Illumina1.5
336611T,F,336611T_b_1.fq,336611T_b_2.fq,Fam33,33,66,Treatment,Illumina1.5
336612C,M,336612C_1.fq,336612C_2.fq,Fam33,33,66,Control,Illumina1.5
336621T,M,336621T_1.fq,336621T_2.fq,Fam33,33,66,Treatment,Illumina1.5
650000F,F,650000F_a_1.fq,650000F_a_2.fq,Fam33,0,0,Dam,Illumina1.5
650000F,F,650000F_b_1.fq,650000F_b_2.fq,Fam33,0,0,Dam,Sanger_Illumina 1.9
660000F,F,660000F_1.fq,660000F_2.fq,Fam33,0,0,Dam,Illumina1.5
340000M,M,340000M_1.fq,340000M_2.fq,Fam34,0,0,Sire,Illumina1.5
346711T,F,346711T_1.fq,346711T_2.fq,Fam34,34,67,Treatment,Illumina1.5
346712C,M,346712C_1.fq,346712C_2.fq,Fam34,34,67,Control,Illumina1.5
346713T,F,346713T_1.fq,346713T_2.fq,Fam34,34,67,Treatment,Illumina1.5
346714C,M,346714C_1.fq,346714C_2.fq,Fam34,34,67,Control,Illumina1.5
346715T,F,346715T_1.fq,346715T_2.fq,Fam34,34,67,Treatment,Illumina1.5
346716C,M,346716C_1.fq,346716C_2.fq,Fam34,34,67,Control,Illumina1.5
346721T,M,346721T_1.fq,346721T_2.fq,Fam34,34,67,Treatment,Illumina1.5
346722C,F,346722C_1.fq,346722C_2.fq,Fam34,34,67,Control,Illumina1.5
346723T,F,346723T_1.fq,346723T_2.fq,Fam34,34,67,Treatment,Illumina1.5
346724C,M,346724C_1.fq,346724C_2.fq,Fam34,34,67,Control,Illumina1.5
346812C,F,346812C_1.fq,346812C_2.fq,Fam34,34,68,Control,Illumina1.5
346813T,F,346813T_1.fq,346813T_2.fq,Fam34,34,68,Treatment,Illumina1.5
346814C,M,346814C_1.fq,346814C_2.fq,Fam34,34,68,Control,Illumina1.5
346816C,M,346816C_1.fq,346816C_2.fq,Fam34,34,68,Control,Illumina1.5
346822C,F,346822C_1.fq,346822C_2.fq,Fam34,34,68,Control,Illumina1.5
346823T,F,346823T_1.fq,346823T_2.fq,Fam34,34,68,Treatment,Illumina1.5
346824C,M,346824C_1.fq,346824C_2.fq,Fam34,34,68,Control,Illumina1.5
670000F,F,670000F_1.fq,670000F_2.fq,Fam34,0,0,Dam,Illumina1.5
680000F,F,680000F_1.fq,680000F_2.fq,Fam34,0,0,Dam,Illumina1.5
360000M,M,360000M_1.fq,360000M_2.fq,Fam36,0,0,Sire,Illumina1.5
367111T,F,367111T_1.fq,367111T_2.fq,Fam36,36,71,Treatment,Sanger_Illumina 1.9
367114C,F,367114C_1.fq,367114C_2.fq,Fam36,36,71,Control,Sanger_Illumina 1.9
367121T,M,367121T_1.fq,367121T_2.fq,Fam36,36,71,Treatment,Sanger_Illumina 1.9
367122C,F,367122C_1.fq,367122C_2.fq,Fam36,36,71,Control,Sanger_Illumina 1.9
367213T,M,367213T_1.fq,367213T_2.fq,Fam36,36,72,Treatment,Sanger_Illumina 1.9
367214C,F,367214C_1.fq,367214C_2.fq,Fam36,36,72,Control,Illumina1.5
367215T,M,367215T_1.fq,367215T_2.fq,Fam36,36,72,Treatment,Illumina1.5
367216C,M,367216C_1.fq,367216C_2.fq,Fam36,36,72,Control,Illumina1.5
710000F,F,710000F_1.fq,710000F_2.fq,Fam36,0,0,Dam,Illumina1.5
720000F,F,720000F_1.fq,720000F_2.fq,Fam36,0,0,Dam,Illumina1.5
370000M,M,370000M_1.fq,370000M_2.fq,Fam37,0,0,Sire,Illumina1.5
377311T,M,377311T_1.fq,377311T_2.fq,Fam37,37,73,Treatment,Illumina1.5
377312C,M,377312C_1.fq,377312C_2.fq,Fam37,37,73,Control,Illumina1.5
377313T,F,377313T_1.fq,377313T_2.fq,Fam37,37,73,Treatment,Illumina1.5
377314C,F,377314C_1.fq,377314C_2.fq,Fam37,37,73,Control,Illumina1.5
377315T,F,377315T_1.fq,377315T_2.fq,Fam37,37,73,Treatment,Illumina1.5
377316C,M,377316C_1.fq,377316C_2.fq,Fam37,37,73,Control,Illumina1.5
377321T,F,377321T_1.fq,377321T_2.fq,Fam37,37,73,Treatment,Illumina1.5
377322C,F,377322C_1.fq,377322C_2.fq,Fam37,37,73,Control,Illumina1.5
377323T,M,377323T_1.fq,377323T_2.fq,Fam37,37,73,Treatment,Illumina1.5
377324C,M,377324C_1.fq,377324C_2.fq,Fam37,37,73,Control,Illumina1.5
377412C,F,377412C_1.fq,377412C_2.fq,Fam37,37,74,Control,Illumina1.5
377413T,F,377413T_1.fq,377413T_2.fq,Fam37,37,74,Treatment,Illumina1.5
377415T,F,377415T_1.fq,377415T_2.fq,Fam37,37,74,Treatment,Illumina1.5
377416C,F,377416C_1.fq,377416C_2.fq,Fam37,37,74,Control,Illumina1.5
377421T,M,377421T_1.fq,377421T_2.fq,Fam37,37,74,Treatment,Illumina1.5
377423T,F,377423T_1.fq,377423T_2.fq,Fam37,37,74,Treatment,Illumina1.5
377424C,F,377424C_a_1.fq,377424C_a_2.fq,Fam37,37,74,Control,Illumina1.5
377424C,F,377424C_b_1.fq,377424C_b_2.fq,Fam37,37,74,Control,Sanger_Illumina 1.9
730000F,F,730000F_1.fq,730000F_2.fq,Fam37,0,0,Dam,Illumina1.5
740000F,F,740000F_1.fq,740000F_2.fq,Fam37,0,0,Dam,Illumina1.5
380000M,M,380000M_1.fq,380000M_2.fq,Fam38,0,0,Sire,Illumina1.5
387511T,M,387511T_1.fq,387511T_2.fq,Fam38,38,75,Treatment,Illumina1.5
387512C,M,387512C_1.fq,387512C_2.fq,Fam38,38,75,Control,Illumina1.5
387513T,M,387513T_1.fq,387513T_2.fq,Fam38,38,75,Treatment,Illumina1.5
387514C,F,387514C_1.fq,387514C_2.fq,Fam38,38,75,Control,Illumina1.5
387515T,F,387515T_1.fq,387515T_2.fq,Fam38,38,75,Treatment,Illumina1.5
387516C,M,387516C_1.fq,387516C_2.fq,Fam38,38,75,Control,Illumina1.5
387521T,F,387521T_1.fq,387521T_2.fq,Fam38,38,75,Treatment,Illumina1.5
387522C,M,387522C_1.fq,387522C_2.fq,Fam38,38,75,Control,Illumina1.5
387523T,F,387523T_1.fq,387523T_2.fq,Fam38,38,75,Treatment,Illumina1.5
387524C,M,387524C_1.fq,387524C_2.fq,Fam38,38,75,Control,Illumina1.5
387611T,M,387611T_1.fq,387611T_2.fq,Fam38,38,76,Treatment,Illumina1.5
387613T,M,387613T_1.fq,387613T_2.fq,Fam38,38,76,Treatment,Illumina1.5
387614C,M,387614C_1.fq,387614C_2.fq,Fam38,38,76,Control,Illumina1.5
387616C,F,387616C_1.fq,387616C_2.fq,Fam38,38,76,Control,Illumina1.5
387622C,M,387622C_1.fq,387622C_2.fq,Fam38,38,76,Control,Illumina1.5
387623T,F,387623T_1.fq,387623T_2.fq,Fam38,38,76,Treatment,Illumina1.5
387624C,F,387624C_1.fq,387624C_2.fq,Fam38,38,76,Control,Illumina1.5
760000F,F,760000F_1.fq,760000F_2.fq,Fam38,0,0,Dam,Illumina1.5
390000M,M,390000M_1.fq,390000M_2.fq,Fam39,0,0,Sire,Illumina1.5
397711T,M,397711T_1.fq,397711T_2.fq,Fam39,39,77,Treatment,Illumina1.5
397712C,F,397712C_1.fq,397712C_2.fq,Fam39,39,77,Control,Illumina1.5
397713T,F,397713T_1.fq,397713T_2.fq,Fam39,39,77,Treatment,Illumina1.5
397714C,F,397714C_1.fq,397714C_2.fq,Fam39,39,77,Control,Illumina1.5
397715T,F,397715T_1.fq,397715T_2.fq,Fam39,39,77,Treatment,Illumina1.5
397716C,M,397716C_1.fq,397716C_2.fq,Fam39,39,77,Control,Illumina1.5
397721T,F,397721T_1.fq,397721T_2.fq,Fam39,39,77,Treatment,Illumina1.5
397722C,F,397722C_1.fq,397722C_2.fq,Fam39,39,77,Control,Illumina1.5
397723T,F,397723T_1.fq,397723T_2.fq,Fam39,39,77,Treatment,Illumina1.5
397724C,M,397724C_1.fq,397724C_2.fq,Fam39,39,77,Control,Illumina1.5
397811T,M,397811T_1.fq,397811T_2.fq,Fam39,39,78,Treatment,Illumina1.5
397812C,M,397812C_1.fq,397812C_2.fq,Fam39,39,78,Control,Illumina1.5
397813T,M,397813T_1.fq,397813T_2.fq,Fam39,39,78,Treatment,Illumina1.5
397814C,M,397814C_1.fq,397814C_2.fq,Fam39,39,78,Control,Illumina1.5
397815T,F,397815T_1.fq,397815T_2.fq,Fam39,39,78,Treatment,Illumina1.5
397816C,F,397816C_1.fq,397816C_2.fq,Fam39,39,78,Control,Illumina1.5
397821T,M,397821T_1.fq,397821T_2.fq,Fam39,39,78,Treatment,Illumina1.5
397822C,F,397822C_1.fq,397822C_2.fq,Fam39,39,78,Control,Illumina1.5
397823T,F,397823T_1.fq,397823T_2.fq,Fam39,39,78,Treatment,Illumina1.5
397824C,F,397824C_1.fq,397824C_2.fq,Fam39,39,78,Control,Illumina1.5
770000F,F,770000F_1.fq,770000F_2.fq,Fam39,0,0,Dam,Illumina1.5
780000F,F,780000F_1.fq,780000F_2.fq,Fam39,0,0,Dam,Illumina1.5
407911T,M,407911T_1.fq,407911T_2.fq,Fam40,40,79,Treatment,Illumina1.5
407912C,F,407912C_1.fq,407912C_2.fq,Fam40,40,79,Control,Illumina1.5
407913T,M,407913T_1.fq,407913T_2.fq,Fam40,40,79,Treatment,Illumina1.5
407914C,F,407914C_1.fq,407914C_2.fq,Fam40,40,79,Control,Illumina1.5
407915T,F,407915T_1.fq,407915T_2.fq,Fam40,40,79,Treatment,Illumina1.5
407916C,M,407916C_1.fq,407916C_2.fq,Fam40,40,79,Control,Illumina1.5
407921T,M,407921T_1.fq,407921T_2.fq,Fam40,40,79,Treatment,Illumina1.5
407922C,F,407922C_1.fq,407922C_2.fq,Fam40,40,79,Control,Illumina1.5
407923T,F,407923T_1.fq,407923T_2.fq,Fam40,40,79,Treatment,Illumina1.5
407924T,F,407924T_1.fq,407924T_2.fq,Fam40,40,79,Treatment,Illumina1.5
408011T,F,408011T_1.fq,408011T_2.fq,Fam40,40,80,Treatment,Illumina1.5
408012C,F,408012C_1.fq,408012C_2.fq,Fam40,40,80,Control,Illumina1.5
408013T,M,408013T_1.fq,408013T_2.fq,Fam40,40,80,Treatment,Illumina1.5
408014C,F,408014C_1.fq,408014C_2.fq,Fam40,40,80,Control,Illumina1.5
408015T,M,408015T_1.fq,408015T_2.fq,Fam40,40,80,Treatment,Illumina1.5
408016C,M,408016C_1.fq,408016C_2.fq,Fam40,40,80,Control,Illumina1.5
408021T,M,408021T_1.fq,408021T_2.fq,Fam40,40,80,Treatment,Illumina1.5
408022C,M,408022C_1.fq,408022C_2.fq,Fam40,40,80,Control,Illumina1.5
408023T,F,408023T_1.fq,408023T_2.fq,Fam40,40,80,Treatment,Illumina1.5
408024C,F,408024C_1.fq,408024C_2.fq,Fam40,40,80,Control,Illumina1.5
790000F,F,790000F_1.fq,790000F_2.fq,Fam40,0,0,Dam,Illumina1.5
800000F,F,800000F_1.fq,800000F_2.fq,Fam40,0,0,Dam,Illumina1.5
